0,1,2
1.557193014892327,-0.7859154533576548,2.0
1.1162964597650196,-0.4805380208192317,1.0
0.5080598454888782,1.0680161051067305,1.0
-1.3991480734643067,0.845146226729178,2.0
1.7193570300647214,-1.3646367559481216,2.0
-0.3771202227959312,-0.9519218114273377,1.0
-0.7669128102842869,0.30688792601604786,0.0
1.030006607838284,-1.5024039224170092,2.0
-0.034422902407790515,-0.11935611115027404,0.0
0.5067231395867877,-0.3374773833124725,0.0
-0.7601502116788355,-0.5694509134595342,1.0
-1.9746776791118197,-0.6126219880500166,2.0
-0.18990331586374376,0.5731984252201494,0.0
0.0884384092345182,-0.1136621235835681,0.0
-0.8836641781877119,-0.030417833587787983,0.0
1.2318147409510247,-1.3742104963148485,2.0
-0.5841269254572885,-1.363843123042055,2.0
0.12613824000609036,-1.211515003452283,1.0
-0.09705114064996068,-0.35959498837827525,0.0
-0.0006871198503539835,2.1794057167789993,2.0
-0.5336570041399713,0.711182848103789,0.0
-1.3753949978573676,-1.2712153270935236,2.0
-0.5789357111105047,-0.7709656299871375,1.0
-0.21193497101594724,0.5659851779115325,0.0
-1.2497148579058386,0.188937055074722,1.0
-1.0013438433336241,-0.1367670747123747,1.0
0.7391329275720699,0.7097818721893403,1.0
0.12273473687857621,0.005516247628050182,0.0
-2.5695043609059773,-0.33221032957612084,2.0
0.26694268705278545,-0.135388803359307,0.0
-0.2126637151456595,-3.9183086888731693,2.0
-0.9233768476733949,0.2527917963527096,1.0
-1.2983034451565927,-1.0481612581288833,2.0
0.49067647334462416,-0.07978495388992053,0.0
-0.7713409272173792,-1.067259862631755,1.0
1.0181817859009554,-1.4087879982112028,2.0
-1.0001261226800109,0.542907282762316,1.0
0.8863803858430914,-0.126602530336734,0.0
-0.5670025004561952,-0.562240235106604,0.0
1.0797999150352895,0.4175003497375831,1.0
-3.647623265277211,0.6149924006527275,2.0
1.2843619803516213,-1.636275540945629,2.0
-1.1180162114661893,-1.1073555308135392,2.0
-0.6358675362548087,1.0943376543550585,1.0
0.15424238910798171,0.6305704181488272,0.0
1.3435172328126046,-1.8707109309470384,2.0
0.924139572784722,-0.6040460294478183,1.0
-0.2205543453824807,1.0546124595052762,1.0
0.1604419882912251,0.9107538206165674,1.0
-0.3752043547591382,0.6126505200789036,0.0
-0.43815496502436097,0.3616534888851939,0.0
1.7501714360482201,-0.06517009322439622,2.0
0.08313769801881636,0.7774191606192266,0.0
-0.3324934619638861,0.1357572734118691,0.0
-0.639098931199889,1.135645966477886,1.0
1.0816538313506918,-0.10080873605793073,1.0
-1.6824671215008355,1.522325943510377,2.0
1.1976618016910152,0.7091932923911876,1.0
1.8078850423907122,1.8004889709247172,2.0
0.3724395742517833,0.4194650007978432,0.0
-0.1302299352247557,-0.3617870789062449,0.0
1.883541695711374,-0.9965364368581483,2.0
0.4599773316001727,-1.117306539826702,1.0
1.207983659399072,-0.3127301933305098,1.0
0.8421071224245397,0.8270067191509941,1.0
0.34152893608110485,1.1193126827847895,1.0
-1.7296617427827026,-1.6130707921108844,2.0
0.5673415885141833,2.035753973541094,2.0
-1.9891086949011956,1.2964464796460207,2.0
-0.8700247668476896,-0.5084291756660738,1.0
0.09359589767496539,0.6593186349760969,0.0
-0.11516115502993621,1.6728249177708345,2.0
1.6000110027164371,0.5522761913456137,2.0
-0.3214095727514869,0.6965094126763443,0.0
-0.6227160872904121,0.7806168364084375,1.0
-0.9314423711508655,-0.252106167997036,1.0
0.022436611483931706,0.3775767319146739,0.0
-0.2566868643913073,0.22764889453898132,0.0
1.7228676957943576,0.9157525560326625,2.0
0.9562961831241231,-1.3873342190338764,2.0
-0.5475979286742284,-0.5179432553836523,0.0
0.8124631613172856,-1.9984984904915246,2.0
-3.0704109934733497,-0.7835304308951997,2.0
0.8375832555916394,-0.8497484332209138,1.0
1.5643766433388149,0.4658886362008757,2.0
0.8032875991335962,0.829629458279157,1.0
-0.3073627066980304,-1.5983686886862405,2.0
-0.8861303935130938,-0.4972241702011783,1.0
0.591528845389216,0.406606682650909,0.0
-0.807543350035111,-0.9591473050244343,1.0
-0.03462016571415044,-0.12611556730377996,0.0
-0.03502207203355986,0.2098451679196108,0.0
-2.320377683476533,-0.7360538169222399,2.0
-3.0963442323743835,0.839371675919093,2.0
0.705033791773472,0.7837076477400231,1.0
-0.8613658914509089,0.09106931427991721,0.0
-0.14841596123769663,1.152968910587882,1.0
0.5174187678919987,0.19811174090059386,0.0
1.4444072183880925,-0.2537452539261656,2.0
1.0024552477892374,0.8418675697414546,1.0
-0.11686909402647055,-0.1669033682987788,0.0
-0.5056502099387182,-0.33700976219765716,0.0
0.3413734641331106,-0.4474615687422048,0.0
0.8964490422645383,-0.4297772067212383,1.0
0.13589033056606142,0.3280643559888072,0.0
-0.1296318593852321,0.15841640160336015,0.0
0.3208987586559711,-0.3698019115293356,0.0
-0.34040074740064774,0.058102811535928764,0.0
-0.36898190165429856,0.7418199427766751,0.0
-1.2493782832044784,0.3433221825990302,1.0
0.8109456191652796,-1.0720486231137645,1.0
-0.188669372745563,-1.3728390479552113,1.0
-2.1706481491217917,-0.026729654652763758,2.0
0.12182501724918325,-0.8027713279364354,0.0
0.31807097152230857,-1.392618977544698,1.0
2.81460383560669,-0.37538299330032127,2.0
0.6173671079145749,-1.3339061771475464,2.0
0.3380775898343776,-0.24432727139717972,0.0
-0.09412671096670629,-1.3737592293872625,1.0
-1.221540364648254,-0.2783579736174054,1.0
-0.10561788046373911,0.6442938651491438,0.0
-1.5450246452076708,-1.10191984985978,2.0
-0.43984539215149515,0.12155286007586617,0.0
-1.1061647014862799,0.8735151381243585,1.0
1.0123906167974648,-1.4214267380278591,2.0
1.5295161361572078,2.4709148843112705,2.0
0.42782010198057197,-0.10785180442487889,0.0
-1.657682953834531,0.40457145716032755,2.0
1.4077243981741419,0.6751410611769179,2.0
0.9391502305400129,1.9322874075680139,2.0
0.807012526202497,-0.3373824915145445,0.0
0.9091380381337965,0.13578511787510514,1.0
-2.337582524881009,-1.1102812620125995,2.0
-1.1221183159333519,-0.02347406812365738,1.0
-1.3762988644251546,1.5951957826286474,2.0
0.27756962123585976,-0.3453884377092514,0.0
-0.6456073753087018,-1.4808341128599474,2.0
1.149056688925056,0.2442224237620668,1.0
-0.0881172504030089,0.6508939621948626,0.0
-0.5089398857000671,0.21793031182400213,0.0
1.0540819063572895,0.6896183113217426,1.0
-0.528295053608395,0.10533448399033749,0.0
0.11470696010251874,-0.0011255498401554144,0.0
0.6816021943504762,-0.8529407142891339,1.0
-0.8084490697250059,-0.4166040293540845,1.0
-0.1739475398694606,-0.6904619433425906,0.0
0.3703092197595313,0.17264278167923747,0.0
0.6424497356485327,-0.24339151020167527,0.0
-0.4544039024690432,-0.7484026049302657,0.0
-2.0035424508885904,0.37149960119170766,2.0
1.0080037147639898,-1.9837554256528862,2.0
0.320533515890472,0.7064015527339872,0.0
-1.3022157849297165,1.0153502249683375,2.0
-0.8035741124531341,0.14511109706201342,0.0
0.7908753651960642,-1.146765722648472,1.0
0.5051584477656369,-1.5598936097336564,2.0
0.40951708684609717,0.14956032724034365,0.0
1.2352807832232433,0.631299299817872,1.0
-0.8199944990846589,0.14755134604907102,0.0
-0.7351982731033523,0.6011317298102681,1.0
0.39133468738820393,0.12220597250373305,0.0
-1.041338363133904,-0.418232136853421,1.0
-0.6525745244476777,-1.4922764749627142,2.0
0.28480299926083386,-0.9354555822872335,1.0
1.0432846035606707,1.7309356415424673,2.0
1.1995918126710938,0.22176281782130638,1.0
-0.5088638826035279,-0.9210031827134544,1.0
0.8591093454937171,0.6246915125806904,1.0
0.7943103341398285,-0.39751537139518667,0.0
0.19207711759343782,1.1158146077601028,1.0
-0.5593223088896399,1.2588362612533992,1.0
0.06346308893539475,0.5781219266366554,0.0
0.7088294432415874,0.7540285380380097,1.0
0.7989186768660339,-1.7202939370048713,2.0
-0.26952016932010026,0.731252991432913,0.0
-1.139886110376691,-2.366286927923916,2.0
1.0461795083560537,-0.10290825415388018,1.0
-0.4150119524451438,0.544115124322923,0.0
1.5463972067687943,-0.8241122899402472,2.0
1.484848619750348,1.1686228584091194,2.0
0.034415858664940555,0.7426829186553627,0.0
-0.5087490556284284,-1.0035470571724119,1.0
0.5513865305525227,-1.1014878977804357,1.0
-1.097138393116881,-0.14268614542007013,1.0
0.5997225996614265,-0.3969469141680908,0.0
-0.5982161094149472,-0.24220533396735686,0.0
1.1384829897051978,-0.8709128320564833,1.0
1.3253352885782632,0.6431788534794697,2.0
1.8828859732152066,2.1292051629397455,2.0
-1.2370656603008696,1.1342915080162363,2.0
-0.9267946744471836,-1.4444174069369224,2.0
1.9047454013009466,-0.21264659160684507,2.0
0.5653701253084895,-0.4557089830835043,0.0
-0.4322565055481516,-0.9397596248985085,1.0
0.03057130843413063,-0.4203489121166917,0.0
-0.7472191144441018,-0.6268691351179557,1.0
1.1601569651986705,-1.1576237403021903,2.0
-0.9361405113050505,1.343500984893149,2.0
0.04998438254771286,-0.8662073842691644,0.0
-0.3924392590141663,0.01036843116295888,0.0
0.36086223725117844,-1.1546645897590024,1.0
0.01206371484603084,1.9378253474316853,2.0
-0.011190852111535473,0.4580481342331817,0.0
-0.6320250070823689,0.14562639215925458,0.0
0.19374728146269576,-0.4409725208294324,0.0
-0.8625766673397418,-0.40545199721867964,1.0
0.8220178510178707,-0.9621220678894089,1.0
-0.1533762880660552,-0.45944744357885686,0.0
-0.9702485060248095,-0.21780829261487583,1.0
0.9688453976043911,0.3734320013588702,1.0
-0.360183366194451,-0.13128137440754628,0.0
-0.19458037978921647,-0.5113496077498334,0.0
0.46188780590677847,1.2822200874336003,1.0
0.6871374057022249,1.2407743807161697,1.0
-0.1486966554028202,0.6897456847651062,0.0
2.119513333197688,0.772400134611067,2.0
-0.6165744596113382,-0.20328731441464049,0.0
-0.8217131077728622,-0.4961581690226794,1.0
-0.789553426716598,-1.543255216886655,2.0
0.3603917296850935,-0.2682276847003917,0.0
-0.8872163863757188,-0.4062085974288419,1.0
0.03541052937227774,0.06422103404378496,0.0
0.09512052705275428,-0.12815287296177216,0.0
0.546134150130838,-0.10935287375353973,0.0
1.2645544717074204,-0.6956167916889451,1.0
-0.2775403121285959,0.23529880419352908,0.0
0.16974845069450564,1.9905447694612373,2.0
-0.16902257060310497,0.6692420722442978,0.0
0.2827855061139453,-1.4515120533279482,2.0
0.6930307638036386,0.514178963381399,0.0
0.23037209613668594,-1.8129868191637681,2.0
-0.565793071430494,-0.0397577234459588,0.0
0.6359752995530302,-1.2648133231040692,1.0
0.24220220140024631,-1.0687500864052537,1.0
1.290682532934211,0.09669472978066536,1.0
0.5326085636816728,-0.3914481187854115,0.0
-1.5621333872019785,-0.6071803000731428,2.0
0.6698395670047638,1.645478172719358,2.0
-0.35825348834844545,-0.841741125505025,1.0
0.14075438991270225,1.3329822982700006,1.0
-2.212714724629479,0.668667581657028,2.0
-0.6725263949793019,-0.6351004569943025,1.0
-0.02420805566441916,1.2017771791480694,1.0
0.015208402508893867,-1.9583125953497524,2.0
1.13266652795852,1.821001875640964,2.0
0.6766532984598718,0.7091426807507619,1.0
-1.805074703148119,2.1353639755466416,2.0
0.33815418873354464,-0.5476909894342423,0.0
-0.3778490801836573,1.3227407345922566,1.0
0.06671254963250779,0.8886134703843838,0.0
0.11653231053993798,-0.5036618407569223,0.0
2.367176252799994,-0.14146907235584255,2.0
0.22738457367551226,0.2742298574399973,0.0
-0.8653095395107274,0.40916045850476535,1.0
-1.4756112329296034,0.3758093745744929,2.0
0.4624724936449546,-1.705800839506593,2.0
-1.1328136962390005,-1.0119225292166927,2.0
-0.08348676358438589,0.732541172874551,0.0
0.29621045431882215,-0.8811999652301717,1.0
-0.4920247908948315,-0.06269686515598527,0.0
-0.26918444814745307,0.7755662098559922,0.0
-0.9626238458879989,-1.1773015955099835,2.0
0.45257703322273646,-1.6561235936120757,2.0
1.0300893302133187,0.373501963721298,1.0
0.19827351831401255,1.8131773300477316,2.0
0.9403781634866223,0.6661885566238017,1.0
-1.1691962315325077,-0.003637843351644264,1.0
1.021587825822751,-0.7920999112259927,1.0
0.48586656182480337,0.7688800854853407,1.0
0.015646823417543348,0.8982278114073765,1.0
-1.1259353095620437,-0.6088846569496916,1.0
0.25729676671108487,-2.246633163559887,2.0
0.2947592671012114,1.493777009631928,2.0
-0.4308371936236203,0.2190792928160767,0.0
0.08504016576542822,-1.1124060371642437,1.0
-0.48026766337500026,0.4418105563064981,0.0
0.09671963289580467,-0.06469809306453343,0.0
0.6240487089386649,0.3864242406869594,0.0
1.344884852050729,-1.8994513241187443,2.0
0.07582417648916305,1.4869482960876843,2.0
0.07103885525142259,-0.12908937584094768,0.0
0.31498113593922633,-0.4748427552198928,0.0
-0.2849476031529205,-1.2341223143830904,1.0
-1.1077480534518906,0.3376662233559286,1.0
-0.39602475479927146,0.38852053293880723,0.0
0.20149158846949858,-1.6771138123149956,2.0
-0.6828445697224498,1.4849266201646527,2.0
0.8039346818906894,0.45277159775477727,1.0
-0.04144446825434852,-1.1739726461190017,1.0
-0.574729440820424,1.5053953931740574,2.0
0.4673440396379305,-0.7072319070565126,0.0
0.05596054764100876,0.6204029169143999,0.0
-0.6396229860045046,-0.8033910270343904,1.0
-0.8582238758345572,-0.44315875860223186,1.0
-0.98857749205773,-0.41746553488126226,1.0
0.7006619062969965,-2.067978298015793,2.0
0.16143316242356504,1.0867166648570816,1.0
0.6225313411823747,-2.816756653028213,2.0
0.7238100736712878,0.04911091595197566,0.0
-0.37431770931324165,0.6901997153178913,0.0
-0.6905543987765699,-0.7392411138784899,1.0
0.6590491557790927,-0.21850371727405443,0.0
-0.6171259277246244,-0.6795167596158388,1.0
-0.45555189638219523,0.279898701049618,0.0
0.23346668164588405,-2.398375859665049,2.0
0.17971295413605398,0.2954129078619723,0.0
0.8323250798645001,0.32327212417388423,0.0
1.2683603865134965,-0.18317114840651538,1.0
-0.1407185289151617,-0.15884374735508314,0.0
1.3219482410100991,1.6661920983848308,2.0
-0.134476233864749,-0.09666224721286609,0.0
-0.4214453090761005,-0.09384805607191314,0.0
-1.261400522150191,0.009184062108778304,1.0
-0.050012103557687364,0.4537870604161909,0.0
-1.8168195204429518,0.1581358565693092,2.0
1.3353288956593203,0.49667812834056807,1.0
-0.161261438566961,-2.3648346778725715,2.0
-0.10100942947878595,1.5723259924273372,2.0
-0.7863234769045452,-0.5373104290023041,1.0
0.8973964345388445,0.5047153303727824,1.0
1.6927890883191077,-0.7932744389079636,2.0
-0.3561173432771915,0.07131295229114665,0.0
0.026490400818100095,-0.7090230111026105,0.0
0.5772511878725431,-0.7792378360690962,1.0
0.10177452988260728,1.1343378858873314,1.0
-0.18170678931268125,0.9125494497682224,1.0
0.36768789687669107,-0.11478292905129583,0.0
0.9319292930094109,-0.015524343690406,1.0
-0.47252554008945846,0.09910959074921567,0.0
-0.13335784229934386,0.471259328690851,0.0
-0.11822655299487736,-0.8643025778814559,0.0
0.1273638319939971,0.5337458167817457,0.0
0.5281879448199552,-1.348684462717464,1.0
-0.3572743126497767,2.1333563458648364,2.0
-0.6027698253985527,-1.6715178036148104,2.0
1.7227621772515518,0.3151613554553884,2.0
-0.6123289559192027,-0.11607666367960126,0.0
-2.4037292927814837,-0.9260393954314445,2.0
-2.1133869558225915,-2.265967722726629,2.0
-1.8762690746909552,0.16710034988080033,2.0
0.9237327793609921,-0.6678479649425473,1.0
0.9139825757801139,-0.5527431058723185,1.0
-0.1899234692757324,0.26245805056191646,0.0
0.07284229032217623,0.3881818182500319,0.0
-0.18717966612466017,0.6306282563028969,0.0
-0.6828089037425058,0.611694008545081,1.0
-0.06956639907127275,-0.26972736522924257,0.0
0.04754763737422509,0.23059929930522402,0.0
-0.9481204920493657,-0.008174562388264738,1.0
-0.23534159816859626,-0.28164177193414375,0.0
0.566571975234442,-2.026273829539929,2.0
1.309408484560735,0.3150053482003934,1.0
-0.5903841951535721,-0.9573485312252079,1.0
-0.27100669985541165,-0.28828269854428656,0.0
1.7626515283595525,-0.8018821714763597,2.0
2.296536103040121,0.5232267661564625,2.0
0.7738043706707907,-0.3484088524222919,0.0
1.0611046427693902,1.172341987368456,2.0
0.1776188756258312,2.7756407733068955,2.0
-0.6506058245402488,1.215850187733271,1.0
-0.6750032422396707,0.859024617055837,1.0
-1.0731736171743211,-1.020376040856702,2.0
-0.12510678058223004,0.7449057659844228,0.0
2.810140143700549,2.0224152319875253,2.0
-0.5287567122499908,2.344729983007846,2.0
0.3446926002666948,0.05941291350853031,0.0
-1.6900543030968476,-0.9870412735620876,2.0
0.6204762729040297,-1.3759398533539853,2.0
-0.05735463025182427,-1.2869585763935594,1.0
-0.4540523741765899,1.1700062882876248,1.0
0.5396022273779292,1.2097202057929877,1.0
-1.1339041130232776,-0.5286957061859278,1.0
1.2511853373154591,-0.882372169202956,2.0
0.8741673613653727,2.136154555689012,2.0
1.9294931306766367,0.8401011960295239,2.0
0.21397571421542277,0.382844131499618,0.0
-1.1079351271246927,-0.44971581075232175,1.0
-0.0013254605509467575,-1.1377005850528266,1.0
-1.0458430641813925,1.017027840621544,2.0
1.0961137277740465,0.03600839509998677,1.0
0.49261412884136646,1.8271676873579012,2.0
-1.2801058240580865,0.11357582758433374,1.0
1.349419444546711,0.8410523278656667,2.0
0.5876819479161335,2.239811002953203,2.0
0.3180324577941913,-2.3623302994522852,2.0
-0.6437014156647539,-0.37586575724655813,0.0
-2.4895449067020023,1.7238064565007631,2.0
0.6808226695477124,-0.6652817328397703,1.0
-0.5987483900703172,0.19842007660194214,0.0
0.5246709844048423,0.46753015667196696,0.0
1.4901626064305016,-0.8247033881619733,2.0
0.30338284055981435,1.4544924537490318,2.0
0.6399276935249457,0.5110449461416006,0.0
0.6382943623964865,0.7063775768103273,1.0
-0.415998070524043,0.7120707554220974,0.0
-0.25313784037700165,-0.8519572959428076,0.0
0.18841362122538946,0.6256031884844226,0.0
0.02357854333255013,0.15569728782472647,0.0
-1.0138178637078064,-0.8522418229156844,1.0
-0.3386930165601863,-0.26476746150680275,0.0
-1.1361443393605168,0.7936915862258882,1.0
0.8378484470534014,0.6059669274087311,1.0
-0.7890169301727176,-0.37109701605476536,0.0
0.7042893790472506,0.7544831023996434,1.0
-0.13683562347694145,-1.1403034816390138,1.0
0.5511552342089351,-0.5650133701381924,0.0
0.613571817416735,-1.8056173307905203,2.0
-0.7028836966658554,0.7695266370914204,1.0
-0.8576107225324098,-0.47799056477864255,1.0
-0.40545063275688176,1.8291230611329359,2.0
-1.167589078509927,0.3386584949121571,1.0
0.41493556427762057,0.08595598525976265,0.0
1.066865450209502,1.2928801772436662,2.0
0.3303761858205664,0.15646419870972403,0.0
-1.1238318378631595,-0.6333958307588134,1.0
1.2603631268533544,0.33176374725425367,1.0
0.026610018992612457,1.6370315600838308,2.0
0.9532756006480546,0.848520157221815,1.0
1.5928738227888124,0.763270052464323,2.0
0.4558600876813752,1.7250545644610649,2.0
0.34091501900030585,0.07324844312365515,0.0
0.12968235270928646,-1.471204082421465,2.0
0.20876957185170736,-1.3814878527566747,1.0
-1.1589533813341604,-0.08074348040370194,1.0
0.6441349088970149,1.0104247715449926,1.0
0.8977755926843989,0.6354831010826717,1.0
-0.5694018282767999,-0.6775401585542404,0.0
2.1186505908135103,0.34597605293347855,2.0
-0.5935792577032799,0.5644124741156618,0.0
-1.7596521688834552,0.8157678061464726,2.0
0.01991140916784442,-1.2164198470215648,1.0
-0.21301797609384382,1.3522265430811986,1.0
1.8334177804067184,1.7428612216827963,2.0
1.5219675484580637,0.949983819296902,2.0
-0.02625702560247275,-0.468903071377808,0.0
2.1493274606973842,-1.338441222813181,2.0
0.6595504807550657,-0.03830572008346776,0.0
0.5123546017937949,-0.5205879734245088,0.0
-0.7519679838224353,-1.773690628519948,2.0
-0.08561480643212657,-1.5236084566587897,2.0
0.6192631196991473,-0.08747835257467249,0.0
1.4129941296516368,-0.37725346374783536,2.0
0.5822398879147918,-0.2598921644283841,0.0
0.33504358441253784,-0.6875173886455089,0.0
1.094444324049365,-1.1005324937389167,2.0
0.34979266806512205,1.551574205461878,2.0
0.5719524062733012,0.40775794025808254,0.0
-0.34181450003368047,0.6373864421918729,0.0
-1.3816516774388146,-1.1834852789243873,2.0
-0.16973995438722683,0.9788584074733948,1.0
-1.2392068797292741,0.07237975197481762,1.0
0.8862978454841034,1.1525744604808745,1.0
0.22368465079044045,0.5690074907212704,0.0
-0.431929617031832,-0.8142679382762987,1.0
0.14604550435958832,0.11038005910038566,0.0
-0.7663350100156573,-1.4654735556913527,2.0
2.599469478761787,0.9604328836998196,2.0
-1.2627871082057325,0.9193807298388713,2.0
-0.617082432218352,0.6787283492657129,1.0
-1.2279264298412917,0.4364068158670213,1.0
-0.5818990322372205,-1.1113258373154882,1.0
-0.013997235194760765,2.100712753025205,2.0
0.7832029193239713,-0.747407274094993,1.0
1.3095771481373375,-1.1358661963524361,2.0
0.536917254750061,0.37197463161234307,0.0
1.3999444500401905,0.39602440209216594,2.0
0.018162614793830856,-1.8125326013180398,2.0
-0.22894576407878753,0.7055018218681621,0.0
-0.13150192525911603,-0.6551136453264388,0.0
0.8635396448602406,-0.18037870662322403,0.0
1.629023248205836,0.3974108021985797,2.0
-2.0613512390350714,0.8407699282158462,2.0
0.512481356875116,-1.67580001278361,2.0
-1.3978009444196728,0.43834803796299493,2.0
1.2573667294661846,-0.216865987800664,1.0
-1.2422092052606837,-0.4405135178430405,1.0
-1.6021574267703376,0.22097859083893906,2.0
-0.5415976191763219,0.8672238109265329,1.0
-0.2413157444134831,-0.5520463393909295,0.0
-0.42699448735280676,-0.15461831365428683,0.0
0.03174283123306895,1.2568194929960372,1.0
-0.5103910942550176,-0.5874055358293967,0.0
0.3082802616704538,0.1497931510021632,0.0
0.24036578403196246,0.236125967584904,0.0
0.9796039184904235,0.6713477597431721,1.0
0.24344055050981134,-1.381820322597597,1.0
-0.35350190876158505,-1.2386823639399154,1.0
0.06512949077250252,-0.7133722502530471,0.0
1.8091026354573465,0.8080840163601511,2.0
1.3075481761646643,-0.13640335896708297,1.0
0.6527301396137364,-0.2212107502891934,0.0
-1.14527599175995,-0.7449604760675567,1.0
-0.08312231711679278,0.13483881374524373,0.0
-1.2700516555116004,-0.8222107121092745,2.0
0.23631368141905704,-0.8542204596206769,0.0
0.29737815275046914,-1.0535834939686695,1.0
-0.970552959760504,-0.8951956422704275,1.0
-1.2155739590599801,0.9748107953022805,2.0
0.7806651427583902,0.18495740798090282,0.0
-0.7131748945017239,-0.9384778112178398,1.0
0.11102008440703039,0.10913063109972254,0.0
0.9018005872273568,0.531091660813319,1.0
0.6235464808687575,0.1491373189969345,0.0
0.21799645442945015,-0.16470324941752323,0.0
1.059244407349296,-0.12006909174591564,1.0
0.09791004554720079,0.22153798840834169,0.0
0.21462890592039713,0.4827009187599647,0.0
-0.9729790694215436,0.03774533760111223,1.0
0.381853019577268,-1.0430810923088996,1.0
-1.0856555853335288,-1.3676596190876067,2.0
-1.3916459157705185,-2.004808377256499,2.0
-0.15950715165798957,-0.6023778764392681,0.0
0.1975320930633735,1.7684387955364895,2.0
0.502589972429858,0.131041634114819,0.0
0.6476348077251046,1.004359414969163,1.0
-0.39766464771252125,0.8037111673517071,1.0
0.207629290330799,-0.40029477539615593,0.0
-0.6038023322887319,-0.474305934959993,0.0
-1.1271717132462546,-0.5118702595600257,1.0
-0.275568777168691,0.9760623512011534,1.0
0.3746842677844021,-0.6339634150417148,0.0
-0.28578034590808427,1.232528513802495,1.0
-0.7467964867719469,0.12410869185488087,0.0
-0.437851578035129,0.4969540152766644,0.0
0.2561903994330404,-0.635925031407845,0.0
-0.7105288495719431,-0.6667616218425603,1.0
0.09808545857947346,0.8264835784951056,0.0
-1.3367334337989087,0.23000975556975908,1.0
1.9005760319075626,-0.6804918933720008,2.0
-0.40109486376507225,0.2234192694211379,0.0
-0.7144148689648008,0.03103236312710434,0.0
0.13436813848819337,1.474799180672089,2.0
0.8559075523968636,0.0908881076284352,0.0
-0.08754372075003887,-0.35843567162536266,0.0
2.287180813950489,-0.296828835822308,2.0
0.38812347841748496,-0.33837846231439506,0.0
0.4721288228819911,0.20631451642789786,0.0
-1.0735691605498978,-0.8404362710374726,1.0
-2.910927508787207,-0.021673312718566404,2.0
0.6773669291969381,1.3939078961713842,2.0
1.3328565762184235,-0.5450126883651629,1.0
0.45916960410134905,-2.0910858002736274,2.0
0.6947903090859763,0.9958361851395909,1.0
-1.3587132445863863,-1.45130576693814,2.0
0.5357295480277225,-1.0492999979110569,1.0
-0.025888966779312336,-0.28994935711225184,0.0
-0.21785043500297416,0.8286925109961423,0.0
-1.0072006746093178,-1.0565126727283067,2.0
-0.41007836420811344,-0.21069877219653924,0.0
0.4339000859575643,0.7846863177232155,0.0
-0.06693763545525498,1.3619738721153833,1.0
-0.6976052938243267,-0.8969599502783409,1.0
0.30574572213745577,-0.06385388844376695,0.0
-2.066681375892641,0.5406564444394731,2.0
-0.2822397114197784,-0.06170993778599232,0.0
-0.8826378889876435,0.20569308170541648,1.0
-0.1546107955049842,-0.7976422690500966,0.0
0.029573776923515795,0.182019793988442,0.0
2.3831198172567327,1.642419895876122,2.0
-1.3889341083856603,0.4482224104628971,2.0
-0.6971526792008728,0.6592234257095014,1.0
0.39614456211991955,-0.6146826059122038,0.0
1.0506352657297908,0.9419589666955217,1.0
1.9572010551425232,0.9901914102232664,2.0
0.708866817194863,0.0864420229188862,0.0
-0.37647167601671416,0.8254350881528306,1.0
-1.0635362932451762,-0.7704111214449205,1.0
0.20918482191762225,0.36481630417448146,0.0
1.3438028039235965,-0.08187763734126019,1.0
0.17358788258637842,-1.9690738085427177,2.0
0.5755055347471729,1.11102690011896,1.0
-0.011438030535703308,-0.4679776659444865,0.0
-0.23080967723796053,0.3256453083868293,0.0
1.1459364168886765,-0.34892212507611914,1.0
-0.5860400601899228,-0.4975220705895657,0.0
0.19205676009833378,0.1419341226112557,0.0
-1.0559514767111082,0.16361227463966843,1.0
1.2563170345574566,-0.7506608111807604,2.0
0.36877991658995063,0.48778261773768566,0.0
0.6604819701757118,-3.369420768426903,2.0
1.4790768893340984,0.3270792880089782,2.0
0.9868287013819647,-0.6174280580353295,1.0
-0.0063856519697101455,-1.6166983155189376,2.0
-1.952160299464132,-1.2149374101488106,2.0
-0.23104647913592272,1.3314963309475296,1.0
-0.8349958948457076,0.037727228281498076,0.0
-1.6346016664847642,-1.1105762105023307,2.0
1.9622656624982204,0.8499985900414189,2.0
0.2836648528994925,-2.1013854247114425,2.0
0.2265789366752406,0.9052442585961235,1.0
0.6721555461308534,1.6526265737030836,2.0
-0.5127936794762087,-0.37699828771535165,0.0
0.27257447140687935,2.086099611742823,2.0
-0.5826175533833721,-0.003927290815232824,0.0
-0.06271995046313902,-0.8799252084777459,0.0
0.03020431760436668,-1.065613952305603,1.0
0.5967563693381154,-0.6777123257464756,1.0
0.6887737542706206,0.4135737284394793,0.0
-0.8648744638492736,-1.1368164547163087,1.0
0.34013324342854906,1.0318420808266964,1.0
-1.0157468511984262,0.4923900525305275,1.0
1.0960658433193322,0.5088957383912358,1.0
-0.07966453582013115,0.5347414351228528,0.0
1.180704294849316,-0.14465689067980148,1.0
-1.200323831583411,-1.5885365639292042,2.0
-0.5666776498228482,2.178292246160458,2.0
0.9365251971392945,-0.2744862210598058,1.0
1.043602083581583,0.09467990318941914,1.0
-0.6281000383344015,-0.39401801114783297,0.0
-2.221840266899453,-1.0243078522477105,2.0
0.6664261159317035,-1.2210252426084498,1.0
0.8365345550381789,0.8548674131021968,1.0
-2.4291023476125484,-0.16678248973303136,2.0
0.7160125419670977,-0.06855259208097784,0.0
1.7591979533420572,0.8409292619086461,2.0
-0.025996401912762833,-2.47640701928488,2.0
-0.8233891555253698,-0.9449812395451118,1.0
-0.9328343537258066,1.0886082417701026,1.0
-0.8354829752698758,-2.2105232488203197,2.0
0.4633740483125383,-0.05206822155392031,0.0
-3.0891790656230262,-0.6700810168912378,2.0
0.041679702470738676,0.49680596770954527,0.0
-0.8471177275064095,-0.9090037729544936,1.0
-0.8465570662220626,-0.8983725667058031,1.0
-1.0355588062097913,1.102663068871494,2.0
0.2077702917856745,-0.08208782449496108,0.0
1.380679550484762,-1.2446197496972682,2.0
0.007486790199944324,-0.5001843543649115,0.0
-0.8094885891735842,0.27328589041930446,0.0
-0.3405864891772668,0.03423687287338057,0.0
-0.785582987123906,-0.9451547003092934,1.0
-2.286024960302914,0.3193806209081542,2.0
-1.4481470342889056,1.4334191782218884,2.0
-0.8419747490111827,0.9325439849578778,1.0
0.23236025136848365,1.5350435993815417,2.0
0.9127374173197809,-1.2893883258329537,2.0
0.8651304982388582,-1.7322414735831744,2.0
-0.41151758278222755,-0.8573405721781567,1.0
-1.4084472517989906,-0.5132538772545802,2.0
0.3742903579642715,-0.06082343910068179,0.0
0.6263481758876368,-0.19419672101817426,0.0
-0.9538466297719103,1.211133648659238,2.0
0.13427828848755397,0.6694035973419227,0.0
-0.003077065201949135,-1.1009839958087169,1.0
-1.2028718450336675,-2.0767300184469706,2.0
-0.3412973302677967,0.14773125279172258,0.0
0.2502455838794314,-1.536511575461769,2.0
-0.5850284967178722,-0.9045583060683612,1.0
0.5081939759566908,-0.6946773918158857,0.0
0.5040425736377894,-0.8030903280894577,1.0
-0.20347455858794275,1.6874463188367892,2.0
1.122791300565854,0.5120116576721658,1.0
0.30097375899987855,1.4933100511891495,2.0
-0.9826417755159594,-0.26753510035409733,1.0
0.6917163501306381,-1.1719128355678594,1.0
1.2096935893935672,-0.016364272608202845,1.0
0.2242837360676985,1.4068264763326541,1.0
-2.502137409071136,-1.1507021109276525,2.0
0.07113338482162321,0.011305181653812646,0.0
1.5356137292084955,-0.07841761785814524,2.0
-0.8675620905470556,-0.49478276633475654,1.0
1.6978329606908416,1.2116450899353903,2.0
-2.162752959088824,1.0283832520462874,2.0
0.15056065574649596,0.662635786242249,0.0
-0.22305264137582032,-0.4856252052533371,0.0
0.07985659487930705,-0.409388086495206,0.0
-0.28249116269364566,-1.6137372059718187,2.0
-0.8976202716538678,-0.4017691625172478,1.0
-0.8157588866591622,0.4102239878197453,1.0
1.4234969810251346,0.48536377817411613,2.0
-0.6706962648990299,1.1892014703921534,1.0
-0.2518593860543818,0.5317546799264639,0.0
-0.09600899662023119,-1.55202639856008,2.0
-0.547123900015202,0.09364844169208131,0.0
-0.14253756666225179,-0.11568584730265959,0.0
-1.0823177645591509,-0.3244131801093818,1.0
-0.3479653096112775,-0.596843968651801,0.0
0.7005076201939027,0.25157307650571087,0.0
1.970350367584257,1.7293210826035819,2.0
-0.957696312512227,0.7807094121556188,1.0
0.7871856294951197,0.055941457108954845,0.0
0.34361560966406934,-1.3614144460968705,1.0
1.2193688452544809,0.01748140335135331,1.0
-1.4741626413012687,-1.8152691495269273,2.0
-2.3934997883432696,-0.9718169950721786,2.0
0.4412907378383525,0.7814351759628633,1.0
-0.5646791514372026,-0.24508783499225026,0.0
0.49354853361627465,0.9139550985459881,1.0
0.23508144700759545,-1.4802249203739284,2.0
1.3365264713045868,-0.9481006887245091,2.0
1.6796788501560869,2.0211356804264833,2.0
-0.18820714550458748,-0.09956338341959345,0.0
1.6204596413832928,-1.371125479529807,2.0
-0.49280879963867996,0.30670777249209746,0.0
-1.2817657809587455,0.13674121606252682,1.0
1.1234710979302918,0.5242660945111665,1.0
-1.324371074824308,1.3559174525063378,2.0
-0.6301590948430277,-1.4408727413909148,2.0
1.5692986959548036,-2.5645736577543348,2.0
1.3035417234757452,-1.996906652560417,2.0
0.9500175209773815,1.3865680227678925,2.0
-1.4332773398752432,-1.4372073890400339,2.0
-1.088451776355048,-0.6272713712997792,1.0
0.29331409721701085,0.18468642266916005,0.0
-0.4061267764407751,-0.40959788750258014,0.0
1.90003510468012,0.32911456006121725,2.0
-3.0366882248110847,1.247985370718746,2.0
0.14140288126469067,1.1214011226206488,1.0
0.6620264978665178,-1.2133861505787231,1.0
0.007375582156800347,-0.4460086975493783,0.0
-0.33222005748468636,0.7795954673083122,0.0
-1.7311964570805831,-0.6879142873695793,2.0
2.014465450405256,-0.4350879755472166,2.0
0.3022821706177988,0.06982552373722821,0.0
0.18235046264958818,-0.11011750075281126,0.0
-0.45256714187691804,-0.32311585949233523,0.0
-1.0918769422257029,-1.9073856295164922,2.0
-0.07866132345611962,-0.15541640942185533,0.0
0.36631151644831117,0.23707706541747584,0.0
1.2249695662118945,0.9790312776291253,2.0
-1.2840068212917515,0.5103452007075413,1.0
-1.7855991946162757,0.3167465885640863,2.0
2.0369110012190332,-1.4778648248641448,2.0
-0.5411476011409952,-0.23992526656574856,0.0
-0.988939560384636,-0.39231365229842013,1.0
0.04566114117761993,-0.8348511644395049,0.0
2.559156842519075,0.9284379203076681,2.0
0.26743357423307024,1.1815576053289276,1.0
-0.14166620143766473,0.13095808476427612,0.0
-0.22544610646682378,-1.0968938983915226,1.0
-1.216158841883928,-1.1562779702783257,2.0
-2.062907828743048,-1.4493231606314687,2.0
1.5684103710617676,0.9553312574966176,2.0
-0.2591314381489259,-0.33413115384696257,0.0
0.2912157640525458,1.2693834792408767,1.0
-0.6885355238371962,1.486868764467509,2.0
0.6834125143644639,0.21392840765052085,0.0
2.6623202170365405,1.6988802630138835,2.0
-0.793176907072469,0.8103044650949895,1.0
-0.4111878695594626,1.5877847268191896,2.0
-1.7856783398816989,-1.2173201801997007,2.0
-1.1211027915037373,1.8034618302740935,2.0
-1.0289579554370991,0.5575435720422803,1.0
0.535817429479261,1.0824501947745964,1.0
-0.220951780394489,-0.613275732053243,0.0
0.9720351241068769,0.9859098737958419,1.0
-2.5207812173416695,0.7820386873428924,2.0
-0.006446868585741324,0.5656453710953966,0.0
-0.49369971308675953,0.45775335652293686,0.0
0.7814030962010498,1.1305357686680904,1.0
-0.59715930256899,-1.5828574303683054,2.0
1.6971839616318694,0.4844139258076359,2.0
-1.7467380893295108,0.8886764934595726,2.0
0.7365610173937225,-1.3605513427039908,2.0
-0.5664167596809476,-0.054361723711843,0.0
-0.32101621767691485,-2.169289623826962,2.0
-0.05088215772815703,0.973071506735211,1.0
0.38925636877831415,1.063938549560971,1.0
0.2033349918767974,0.49889647861872466,0.0
0.47346699557554006,0.6640847374862316,0.0
-0.10534857485621932,-0.09410720740546172,0.0
-0.03656052579494704,-0.7229002893954125,0.0
1.073547907157795,-0.3827424090460949,1.0
-0.8567397314202398,3.1156288549491298,2.0
-0.06663916741490512,-0.3037764182972018,0.0
-0.3945307020173894,-3.0190593024222823,2.0
1.0066199732461194,0.7074282394914416,1.0
-0.7681247547386328,0.20121656967153073,0.0
1.2797922922218725,2.1923277900163463,2.0
-0.6846397800222488,-0.5650817731481343,0.0
-0.11508941037830847,0.8060232500382026,0.0
0.09001312352459831,1.0124313833527498,1.0
-1.725045189790505,2.1606106979917237,2.0
-0.25026297122727137,-1.7812703333094309,2.0
1.097046486616726,-0.12626493070268455,1.0
-1.6746381448014251,-0.5564414076583988,2.0
-1.214994377831539,-0.01836136415722595,1.0
2.6419003586725065,-1.7993197333609998,2.0
-1.011970268751664,0.7485923678757127,1.0
-0.21834197059836152,0.4696627451472902,0.0
-1.3374937512526297,-1.8841908742770683,2.0
-0.8060601193307543,0.1358108183046736,0.0
0.08079029657816213,1.5875808030113567,2.0
0.21010168465370072,0.11661185953675474,0.0
-0.6208792935568669,0.15688748556037735,0.0
-1.7825727506219915,0.38202452719230495,2.0
-0.011477441517662652,-0.11221823852644995,0.0
0.509748348360236,-0.3412907171587451,0.0
-1.3953187770304858,-0.32648219820461305,1.0
1.4537045450900015,0.36138784835625265,2.0
-1.28153257087956,0.6830947704556395,1.0
-1.3592586953491501,0.04595202191248318,1.0
-1.1999842289021698,-0.30012734078243225,1.0
0.624018818204943,0.9696584704858837,1.0
-2.24649248980159,-0.17879717603282408,2.0
1.0432311221913084,-0.6581017236446535,1.0
0.7684285447091144,-0.48151097126453296,1.0
1.5296428040985388,-0.5316631094004113,2.0
0.33017842454110236,0.2162670721251592,0.0
1.6076468998055244,0.3245555327623498,2.0
-1.4631132184393232,0.03338869298652625,2.0
-0.3835415861727711,0.6622568123955225,0.0
0.6590143390270214,-0.7272360448280323,1.0
2.0421481169486095,1.0451505095643165,2.0
-0.8256143510842541,-0.8102572713692631,1.0
1.344045847836063,1.1026928470089339,2.0
1.0198927165074432,0.5459213884837826,1.0
-0.9874040116040265,0.4740686755674126,1.0
1.0436584021536044,-0.45213570063599823,1.0
0.48350696176862085,0.7250042396407349,0.0
-0.2715587274154952,0.584277152820139,0.0
-1.0102469008379193,0.7167514567664275,1.0
-0.017832200961588527,-0.971592474680086,1.0
0.5800965675618034,0.3227813839064515,0.0
-0.15383755817209296,0.4648826278248866,0.0
-0.27084367995794306,-0.7038970378111412,0.0
0.029260891696920803,-1.4676200612659178,2.0
-0.941092858516562,-0.7714476040755394,1.0
-0.45373437159793667,0.20294594122867302,0.0
0.9630634436467727,-0.8199386548536942,1.0
1.3871985152216952,-0.04661958100770156,1.0
-0.026117089224715097,-0.9489618269696758,1.0
-2.1446774612857022,-1.4941864613810054,2.0
0.9442685826432969,1.4367645630016304,2.0
0.40878760728208186,-2.347613027924566,2.0
-1.281665100616157,-0.2013323779435184,1.0
-1.2218557019242153,0.13033067491458653,1.0
0.6278956187306657,-0.6366385028504973,0.0
0.8488526345079893,-1.0760410755287002,1.0
1.8606204962599366,-0.04566688618420693,2.0
0.27257032884846255,-1.6930773783707547,2.0
0.8964310944985817,1.2097205287496555,2.0
1.0838334700138113,1.2288034118751856,2.0
0.4708864987497763,1.5993255835141027,2.0
-1.2791088188008295,0.9290679172752114,2.0
0.05738968483037826,-0.9472340748579351,1.0
-0.024999063167162702,0.4615034691992503,0.0
-0.0164678336026067,0.3803049031786576,0.0
0.2042914108286982,-0.4700906220381711,0.0
0.5313793103474782,1.302332201057617,1.0
0.4544833454470787,0.09792943418270769,0.0
-0.491669291343509,-0.6623403278775873,0.0
0.33549607127956604,0.6622958211102706,0.0
-1.1099329374974276,-0.296134245328057,1.0
1.3941350666840115,-0.023471904864159364,1.0
-0.3638573097851395,0.05974076419118536,0.0
-1.3375955496965641,0.3748917869900395,1.0
-1.6444808209282016,-2.0554469492402814,2.0
-0.15540285961845282,0.3053898042679537,0.0
1.2542964078408567,-0.5520127610797337,1.0
0.2645117865358747,0.3449839778863557,0.0
-1.0313907161490388,0.44680225849294497,1.0
-1.1611252385843496,0.2860310372919347,1.0
1.0121262728152234,-0.8743675796108162,1.0
-0.4427436656826939,-0.9964469607687003,1.0
-0.8756667543278092,-1.500361950731974,2.0
1.031790199730814,0.8852914819292421,1.0
-0.19620447435633911,-0.6902561016935889,0.0
0.4245170581883281,1.8044842810560153,2.0
0.21524897938283635,-0.36574418103630274,0.0
0.032647594066170224,0.3909378207190756,0.0
-2.0246762278761063,-1.34921802540216,2.0
0.45665018020430137,0.9839210479801466,1.0
0.3766229276227664,1.530346373475734,2.0
0.9217699476534842,0.9760928776691452,1.0
1.8782557976540772,0.6352450489478007,2.0
-1.2637798676611889,-1.4163749214784493,2.0
-0.02878789839099824,0.2913546944863448,0.0
-2.2510183974027784,-0.8417514424613899,2.0
-0.05721692622462643,1.4666876828240802,2.0
-0.3842652688662993,0.006847554688683772,0.0
2.617892515237717,-1.7551438440906864,2.0
-1.0231700943779232,-0.3621973746488985,1.0
0.010254192853427423,0.9728732301543978,1.0
-0.2909173212778439,0.831435815644615,0.0
-0.400695118225599,1.6772360753642352,2.0
-2.264978914682407,0.7608054634887838,2.0
-1.2026203266461353,-0.21312963401018187,1.0
0.7377422988644186,-1.9969964351770622,2.0
0.9956043995801162,-0.47556131822447645,1.0
-1.2422750105067142,-1.0193571887535366,2.0
0.6487631717104645,-0.26166358053382244,0.0
0.5188472508651402,-2.6340705273796168,2.0
0.6131693664209386,-2.2153663318918837,2.0
-0.8339392016033611,-0.021777517579752624,0.0
0.24096205013343694,-0.1796220568840983,0.0
0.33447441490876983,0.3015607115150701,0.0
1.5391619060379922,-1.3665455253875223,2.0
-0.9036968975603791,-0.7063702241199836,1.0
0.27190149713455863,-0.01356549698451142,0.0
-0.355746718457522,-0.4590305091269992,0.0
0.43402137920570666,0.30495490382412366,0.0
0.42360337989263475,-1.698332739699958,2.0
1.3054200055738003,0.10246877424935055,1.0
-0.29304018385741415,1.006441311571176,1.0
1.0991205842637743,0.053914814315797005,1.0
1.1004997439830555,-0.4595947117056848,1.0
0.7240748856728824,1.4653596553706685,2.0
-0.7076614838935411,-0.36037190146148107,0.0
-1.5143853885367833,-0.12424980282686332,2.0
-0.3882908896595867,-1.0636921577860545,1.0
0.15159638032781572,1.3167843538214115,1.0
0.7861511913466647,1.464587499822759,2.0
1.1417540004442095,0.3222391298697077,1.0
0.23876487462236623,0.6032317339779705,0.0
1.0762438307949795,2.0262595655742612,2.0
-1.3349473719139646,0.10377224218309107,1.0
1.0329752624053294,0.945575636892089,1.0
-0.07165825225989539,-1.2674800746537331,1.0
0.5678371624932453,-0.3875260454280694,0.0
-1.047882103124744,0.515811002372152,1.0
0.06332541300812684,-0.9159323580041494,1.0
0.5677891215081355,-0.14976279807503645,0.0
0.20233090529210138,-0.3119883263539843,0.0
-0.626756124025169,1.1345959498906502,1.0
1.604849991005493,0.831799064147894,2.0
0.15232061186827,-1.0004165945600363,1.0
-0.2120467042847464,-1.4601201904622478,2.0
0.8359709848111407,-1.0479183437359565,1.0
1.3404394275916676,0.09923176745546627,1.0
0.8538363690361432,-0.9544904932179648,1.0
-0.9852086044472728,0.5158360967220689,1.0
0.5552496324601199,-1.599092751308572,2.0
-0.9310933381305273,1.5088312469519112,2.0
0.34654189339527347,-0.758549608729594,0.0
-1.9568677169699604,-0.15242441711328641,2.0
-1.671372864872496,-0.48437915027850215,2.0
-0.029043433428393915,0.0659606163107848,0.0
0.008431231886091165,-0.18775561630302562,0.0
-0.1599073422399722,-0.4845238119324569,0.0
-1.2342238471089637,2.111023187351161,2.0
1.181119836118351,0.21364156365570725,1.0
0.7574147657423449,-0.4020819639273501,0.0
0.7837211094306292,1.3819259010248217,2.0
-1.5722123077876877,-1.7240370640329599,2.0
-1.5296381428167969,3.077742363111261,2.0
0.22942646558091906,-1.649451530358111,2.0
-0.47215351595333266,0.2992911888887671,0.0
1.8923989451442185,0.49448999900802615,2.0
0.16442491415265412,-0.3576755198375372,0.0
0.025160752261858238,1.524152214485554,2.0
0.6608647770190829,-2.181159950990101,2.0
0.9225346738534499,-0.2552779500977378,1.0
1.5915111010129865,-0.8077273228945936,2.0
1.9232841167658203,0.6636538987110935,2.0
0.5612619459011097,-0.23377395455679703,0.0
-0.8511295601815505,-0.5430438739591671,1.0
1.257723182308975,1.046054768853738,2.0
0.10349829699687352,-0.7159606849027035,0.0
0.41252171222515616,-1.0119447712011398,1.0
0.6480326422502563,0.17962788575867727,0.0
0.8110816340959841,1.3574414092537883,2.0
0.5161778413178014,-0.35057451595419553,0.0
0.20802093711982145,-0.7088505111445682,0.0
1.2863558815175409,-0.845300188419019,2.0
-0.27414529405640853,-1.9315268025453072,2.0
-0.2941225933483594,1.068647641838391,1.0
-0.2868239615281707,0.30282661631446234,0.0
-0.7638613574290603,0.9187548744299828,1.0
-1.7841657644240017,0.9028030293377549,2.0
1.940436215884104,-0.6953296168220608,2.0
1.2046736567460887,-0.5031692792771156,1.0
0.982788873758616,2.1627603377824496,2.0
-0.42480177123645324,0.7324117635171532,0.0
-1.346210279693168,0.46159471094380544,1.0
0.2950257050142544,-1.0848001465308696,1.0
1.674631706648915,0.5427399156066282,2.0
-0.19602434613842584,0.2687997408826927,0.0
1.4716311550395345,2.2936012220830655,2.0
-0.6550283984181376,1.327048019315102,2.0
0.14351827988979435,-1.280954207725609,1.0
0.0763057385863764,-0.33723994720657746,0.0
-0.32535182733109885,0.4688314617334361,0.0
0.5480444307417609,1.681102290805167,2.0
0.9722842825405442,0.6230763386267143,1.0
-0.665268609667876,0.13169487968656213,0.0
0.0926802650857828,1.1422719876809433,1.0
-1.1265320300333668,0.2372063564422846,1.0
0.5786925282678352,0.25412296914241655,0.0
0.05164520389310368,0.3338742364530948,0.0
-2.1869987719160493,-1.3458266520577826,2.0
-1.5979052464718173,1.0084712217625682,2.0
-2.7226723266497395,0.5987417417235033,2.0
-0.11951315177367676,0.43575441505915613,0.0
0.16162007841660245,-1.2272760998812637,1.0
0.06980916530931511,-1.585116376269846,2.0
-0.17433044709881973,-0.8510328958419875,0.0
-0.1923987507837712,-1.3371157084013034,1.0
-0.3285753539358239,-0.808465075331855,0.0
-0.9024090437325722,0.10729569906448952,1.0
0.7111108409006112,1.7688705241817384,2.0
-0.16668279966743388,0.47799884982222574,0.0
-1.0131455300414034,0.7494860127306225,1.0
-0.610754181198123,-1.34958404864914,2.0
1.6751794889200184,-0.455377592969847,2.0
-1.9858418825605695,2.2674196198302403,2.0
0.5675981182825771,-2.467847859318278,2.0
-2.7540858516832105,1.8558187394751622,2.0
-0.982078482262714,0.5951056088774326,1.0
0.33251645467597496,-0.10710221845224127,0.0
